firstName,lastName,email,phone
Nath4n,Peixo7o,nathan.peixoto@adeccogroup.com,695672385
B0b,Marley,bob.marley@yopmail.com,+33600000001
Don Diego,De La V3ga,don.diego.de.la.vega@yopmail.com,33600000002
Patrick,Bruel,patrick.bruel@yopmail.com,0600000003
evg hgq,igzero bigid,evghgq.igzerobigid@yopmail.com,+33695672385
vgidgze rozero,ge cirga,vgidgzerozero.gecirga@yopmail.com,